from,to,mode,distance,time,price,co2
N1,N2,metro,0.818,1.4,50,11.5
N2,N1,metro,0.818,1.4,50,11.5
N2,N3,metro,3.593,6.16,50,50.3
N3,N2,metro,3.593,6.16,50,50.3
N3,N4,metro,0.594,1.02,50,8.3
N4,N3,metro,0.594,1.02,50,8.3
N4,N5,metro,0.76,1.3,50,10.6
N5,N4,metro,0.76,1.3,50,10.6
N5,N6,metro,0.425,0.73,50,6.0
N6,N5,metro,0.425,0.73,50,6.0
N6,N7,metro,0.579,0.99,50,8.1
N7,N6,metro,0.579,0.99,50,8.1
N7,N8,metro,0.707,1.21,50,9.9
N8,N7,metro,0.707,1.21,50,9.9
N8,N9,metro,1.335,2.29,50,18.7
N9,N8,metro,1.335,2.29,50,18.7
N9,N10,metro,0.997,1.71,50,14.0
N10,N9,metro,0.997,1.71,50,14.0
N10,N11,metro,1.275,2.19,50,17.8
N11,N10,metro,1.275,2.19,50,17.8
N11,N12,metro,1.135,1.95,50,15.9
N12,N11,metro,1.135,1.95,50,15.9
N12,N13,metro,1.159,1.99,50,16.2
N13,N12,metro,1.159,1.99,50,16.2
N13,N14,metro,0.787,1.35,50,11.0
N14,N13,metro,0.787,1.35,50,11.0
N14,N15,metro,1.184,2.03,50,16.6
N15,N14,metro,1.184,2.03,50,16.6
N15,N16,metro,0.708,1.21,50,9.9
N16,N15,metro,0.708,1.21,50,9.9
N12,N17,metro,0.823,1.41,50,11.5
N17,N12,metro,0.823,1.41,50,11.5
N17,N18,metro,1.144,1.96,50,16.0
N18,N17,metro,1.144,1.96,50,16.0
N18,N19,metro,1.924,3.3,50,26.9
N19,N18,metro,1.924,3.3,50,26.9
N20,N43,bus,4.149,16.6,20,282.1
N43,N20,bus,4.149,16.6,20,282.1
N20,N44,bus,6.076,24.3,30,413.2
N44,N20,bus,6.076,24.3,30,413.2
N20,N45,bus,4.57,18.28,30,310.8
N45,N20,bus,4.57,18.28,30,310.8
N20,N26,bus,1.628,6.51,20,110.7
N26,N20,bus,1.628,6.51,20,110.7
N20,N47,bus,1.134,4.54,20,77.1
N47,N20,bus,1.134,4.54,20,77.1
N20,N48,bus,5.321,21.28,20,361.8
N48,N20,bus,5.321,21.28,20,361.8
N20,N49,bus,4.102,16.41,30,278.9
N49,N20,bus,4.102,16.41,30,278.9
N20,N36,bus,4.827,19.31,20,328.2
N36,N20,bus,4.827,19.31,20,328.2
N20,N50,bus,5.812,23.25,30,395.2
N50,N20,bus,5.812,23.25,30,395.2
N20,N51,bus,3.866,15.46,20,262.9
N51,N20,bus,3.866,15.46,20,262.9
N20,N41,bus,2.091,8.36,20,142.2
N41,N20,bus,2.091,8.36,20,142.2
N20,N52,bus,12.453,49.81,40,846.8
N52,N20,bus,12.453,49.81,40,846.8
N20,N53,bus,10.108,40.43,20,687.3
N53,N20,bus,10.108,40.43,20,687.3
N21,N54,bus,16.734,66.94,50,1137.9
N54,N21,bus,16.734,66.94,50,1137.9
N20,N21,bus,3.359,13.44,20,228.4
N21,N20,bus,3.359,13.44,20,228.4
N22,N51,bus,3.67,14.68,20,249.6
N51,N22,bus,3.67,14.68,20,249.6
N22,N47,bus,0.356,1.42,20,24.2
N47,N22,bus,0.356,1.42,20,24.2
N22,N46,bus,3.544,14.18,30,241.0
N46,N22,bus,3.544,14.18,30,241.0
N22,N49,bus,5.426,21.7,30,369.0
N49,N22,bus,5.426,21.7,30,369.0
N41,N60,bus,1.113,4.45,30,75.7
N60,N41,bus,1.113,4.45,30,75.7
N26,N57,bus,6.214,24.86,20,422.6
N57,N26,bus,6.214,24.86,20,422.6
N22,N37,bus,4.475,17.9,30,304.3
N37,N22,bus,4.475,17.9,30,304.3
N22,N59,bus,2.717,10.87,20,184.8
N59,N22,bus,2.717,10.87,20,184.8
N22,N54,bus,16.051,64.2,50,1091.5
N54,N22,bus,16.051,64.2,50,1091.5
N40,N80,bus,2.24,8.96,20,152.3
N80,N40,bus,2.24,8.96,20,152.3
N21,N45,bus,6.63,26.52,30,450.8
N45,N21,bus,6.63,26.52,30,450.8
N25,N66,bus,7.161,28.64,30,486.9
N66,N25,bus,7.161,28.64,30,486.9
N21,N58,bus,15.941,63.76,40,1084.0
N58,N21,bus,15.941,63.76,40,1084.0
N21,N38,bus,4.127,16.51,30,280.6
N38,N21,bus,4.127,16.51,30,280.6
N21,N37,bus,4.217,16.87,20,286.8
N37,N21,bus,4.217,16.87,20,286.8
N39,N40,bus,1.703,6.81,30,115.8
N40,N39,bus,1.703,6.81,30,115.8
N21,N53,bus,11.345,45.38,20,771.5
N53,N21,bus,11.345,45.38,20,771.5
N21,N76,bus,12.237,48.95,40,832.1
N76,N21,bus,12.237,48.95,40,832.1
N24,N21,bus,10.568,42.27,20,718.6
N21,N24,bus,10.568,42.27,20,718.6
N21,N57,bus,3.073,12.29,20,209.0
N57,N21,bus,3.073,12.29,20,209.0
N37,N61,bus,4.384,17.54,30,298.1
N61,N37,bus,4.384,17.54,30,298.1
N38,N62,bus,1.574,6.3,20,107.0
N62,N38,bus,1.574,6.3,20,107.0
N37,N63,bus,7.305,29.22,30,496.7
N63,N37,bus,7.305,29.22,30,496.7
N36,N26,bus,4.04,16.16,30,274.7
N26,N36,bus,4.04,16.16,30,274.7
N36,N21,bus,4.978,19.91,30,338.5
N21,N36,bus,4.978,19.91,30,338.5
N26,N63,bus,8.281,33.12,30,563.1
N63,N26,bus,8.281,33.12,30,563.1
N37,N62,bus,3.218,12.87,20,218.8
N62,N37,bus,3.218,12.87,20,218.8
N36,N51,bus,1.416,5.66,20,96.3
N51,N36,bus,1.416,5.66,20,96.3
N96,N45,bus,10.736,42.94,30,730.0
N45,N96,bus,10.736,42.94,30,730.0
N37,N107,bus,9.259,37.04,30,629.6
N107,N37,bus,9.259,37.04,30,629.6
N36,N82,bus,3.865,15.46,30,262.8
N82,N36,bus,3.865,15.46,30,262.8
N27,N65,bus,1.292,5.17,20,87.9
N65,N27,bus,1.292,5.17,20,87.9
N27,N23,bus,2.751,11.0,30,187.1
N23,N27,bus,2.751,11.0,30,187.1
N27,N45,bus,1.396,5.58,30,94.9
N45,N27,bus,1.396,5.58,30,94.9
N27,N21,bus,7.969,31.88,30,541.9
N21,N27,bus,7.969,31.88,30,541.9
N27,N30,bus,5.822,23.29,20,395.9
N30,N27,bus,5.822,23.29,20,395.9
N27,N36,bus,10.756,43.02,30,731.4
N36,N27,bus,10.756,43.02,30,731.4
N27,N53,bus,4.458,17.83,20,303.1
N53,N27,bus,4.458,17.83,20,303.1
N29,N43,bus,7.4,29.6,30,503.2
N43,N29,bus,7.4,29.6,30,503.2
N30,N36,bus,12.454,49.82,30,846.9
N36,N30,bus,12.454,49.82,30,846.9
N30,N28,bus,5.901,23.6,30,401.3
N28,N30,bus,5.901,23.6,30,401.3
N28,N23,bus,4.117,16.47,30,280.0
N23,N28,bus,4.117,16.47,30,280.0
N28,N21,bus,9.226,36.9,30,627.4
N21,N28,bus,9.226,36.9,30,627.4
N23,N67,bus,8.36,33.44,30,568.5
N67,N23,bus,8.36,33.44,30,568.5
N33,N21,bus,20.863,83.45,40,1418.7
N21,N33,bus,20.863,83.45,40,1418.7
N28,N45,bus,2.752,11.01,30,187.1
N45,N28,bus,2.752,11.01,30,187.1
N28,N50,bus,5.35,21.4,30,363.8
N50,N28,bus,5.35,21.4,30,363.8
N23,N95,bus,5.306,21.22,20,360.8
N95,N23,bus,5.306,21.22,20,360.8
N67,N39,bus,7.981,31.92,40,542.7
N39,N67,bus,7.981,31.92,40,542.7
N28,N76,bus,8.905,35.62,30,605.5
N76,N28,bus,8.905,35.62,30,605.5
N28,N84,bus,7.691,30.76,30,523.0
N84,N28,bus,7.691,30.76,30,523.0
N28,N68,bus,8.083,32.33,40,549.6
N68,N28,bus,8.083,32.33,40,549.6
N28,N69,bus,6.572,26.29,30,446.9
N69,N28,bus,6.572,26.29,30,446.9
N23,N68,bus,4.414,17.66,40,300.2
N68,N23,bus,4.414,17.66,40,300.2
N24,N54,bus,6.413,25.65,50,436.1
N54,N24,bus,6.413,25.65,50,436.1
N28,N85,bus,2.111,8.44,30,143.5
N85,N28,bus,2.111,8.44,30,143.5
N28,N86,bus,3.766,15.06,20,256.1
N86,N28,bus,3.766,15.06,20,256.1
N28,N88,bus,6.802,27.21,30,462.5
N88,N28,bus,6.802,27.21,30,462.5
N28,N87,bus,4.863,19.45,30,330.7
N87,N28,bus,4.863,19.45,30,330.7
N31,N25,bus,12.219,48.88,30,830.9
N25,N31,bus,12.219,48.88,30,830.9
N31,N36,bus,15.373,61.49,30,1045.4
N36,N31,bus,15.373,61.49,30,1045.4
N31,N27,bus,4.934,19.74,30,335.5
N27,N31,bus,4.934,19.74,30,335.5
N31,N90,bus,6.879,27.52,20,467.8
N90,N31,bus,6.879,27.52,20,467.8
N32,N73,bus,15.045,60.18,30,1023.1
N73,N32,bus,15.045,60.18,30,1023.1
N32,N71,bus,10.293,41.17,20,699.9
N71,N32,bus,10.293,41.17,20,699.9
N32,N28,bus,8.042,32.17,30,546.9
N28,N32,bus,8.042,32.17,30,546.9
N32,N75,bus,1.612,6.45,20,109.6
N75,N32,bus,1.612,6.45,20,109.6
N32,N89,bus,2.49,9.96,40,169.3
N89,N32,bus,2.49,9.96,40,169.3
N94,N71,bus,1.878,7.51,20,127.7
N71,N94,bus,1.878,7.51,20,127.7
N73,N28,bus,21.898,87.59,40,1489.1
N28,N73,bus,21.898,87.59,40,1489.1
N33,N71,bus,6.269,25.08,30,426.3
N71,N33,bus,6.269,25.08,30,426.3
N33,N77,bus,0.997,3.99,20,67.8
N77,N33,bus,0.997,3.99,20,67.8
N33,N78,bus,1.853,7.41,20,126.0
N78,N33,bus,1.853,7.41,20,126.0
N34,N25,bus,17.159,68.64,50,1166.8
N25,N34,bus,17.159,68.64,50,1166.8
N34,N37,bus,13.412,53.65,40,912.0
N37,N34,bus,13.412,53.65,40,912.0
N37,N52,bus,7.109,28.44,30,483.4
N52,N37,bus,7.109,28.44,30,483.4
N34,N36,bus,12.256,49.02,40,833.4
N36,N34,bus,12.256,49.02,40,833.4
N34,N97,bus,2.09,8.36,20,142.1
N97,N34,bus,2.09,8.36,20,142.1
N34,N98,bus,0.996,3.98,20,67.7
N98,N34,bus,0.996,3.98,20,67.7
N36,N99,bus,15.51,62.04,50,1054.7
N99,N36,bus,15.51,62.04,50,1054.7
N35,N37,bus,15.248,60.99,40,1036.9
N37,N35,bus,15.248,60.99,40,1036.9
N35,N25,bus,18.794,75.18,50,1278.0
N25,N35,bus,18.794,75.18,50,1278.0
N35,N100,bus,4.096,16.38,20,278.5
N100,N35,bus,4.096,16.38,20,278.5
N35,N36,bus,13.938,55.75,30,947.8
N36,N35,bus,13.938,55.75,30,947.8
N36,N106,bus,4.192,16.77,20,285.1
N106,N36,bus,4.192,16.77,20,285.1
N100,N103,bus,2.101,8.4,20,142.9
N103,N100,bus,2.101,8.4,20,142.9
N101,N79,bus,2.095,8.38,30,142.5
N79,N101,bus,2.095,8.38,30,142.5
N102,N79,bus,5.731,22.92,30,389.7
N79,N102,bus,5.731,22.92,30,389.7
N42,N79,bus,3.21,12.84,30,218.3
N79,N42,bus,3.21,12.84,30,218.3
N104,N35,bus,1.941,7.76,30,132.0
N35,N104,bus,1.941,7.76,30,132.0
N36,N81,bus,9.766,39.06,30,664.1
N81,N36,bus,9.766,39.06,30,664.1
N42,N25,bus,12.655,50.62,50,860.5
N25,N42,bus,12.655,50.62,50,860.5
N42,N76,bus,7.986,31.94,30,543.0
N76,N42,bus,7.986,31.94,30,543.0
N42,N28,bus,15.102,60.41,40,1026.9
N28,N42,bus,15.102,60.41,40,1026.9
N91,N25,bus,11.333,45.33,40,770.6
N25,N91,bus,11.333,45.33,40,770.6
N25,N92,bus,10.318,41.27,40,701.6
N92,N25,bus,10.318,41.27,40,701.6
N52,N84,bus,20.688,82.75,40,1406.8
N84,N52,bus,20.688,82.75,40,1406.8
N21,N84,bus,13.211,52.84,40,898.3
N84,N21,bus,13.211,52.84,40,898.3
N76,N36,bus,11.294,45.18,40,768.0
N36,N76,bus,11.294,45.18,40,768.0
N76,N30,bus,3.652,14.61,30,248.3
N30,N76,bus,3.652,14.61,30,248.3
N76,N83,bus,2.851,11.4,20,193.9
N83,N76,bus,2.851,11.4,20,193.9
N50,N55,bus,0.488,1.95,20,33.2
N55,N50,bus,0.488,1.95,20,33.2
N50,N56,bus,3.688,14.75,20,250.8
N56,N50,bus,3.688,14.75,20,250.8
N23,N55,bus,3.675,14.7,30,249.9
N55,N23,bus,3.675,14.7,30,249.9
N50,N36,bus,9.523,38.09,30,647.6
N36,N50,bus,9.523,38.09,30,647.6
N50,N45,bus,4.388,17.55,30,298.4
N45,N50,bus,4.388,17.55,30,298.4
N1,I1,walk,0.014,0.17,0,0
I1,N1,walk,0.014,0.17,0,0
N21,I1,walk,0.014,0.17,0,0
I1,N21,walk,0.014,0.17,0,0
N1,I2,walk,0.388,4.66,0,0
I2,N1,walk,0.388,4.66,0,0
N25,I2,walk,0.388,4.66,0,0
I2,N25,walk,0.388,4.66,0,0
N2,I3,walk,0.423,5.08,0,0
I3,N2,walk,0.423,5.08,0,0
N21,I3,walk,0.423,5.08,0,0
I3,N21,walk,0.423,5.08,0,0
N2,I4,walk,0.245,2.94,0,0
I4,N2,walk,0.245,2.94,0,0
N25,I4,walk,0.245,2.94,0,0
I4,N25,walk,0.245,2.94,0,0
N2,I5,walk,0.455,5.46,0,0
I5,N2,walk,0.455,5.46,0,0
N68,I5,walk,0.455,5.46,0,0
I5,N68,walk,0.455,5.46,0,0
N3,I6,walk,0.028,0.34,0,0
I6,N3,walk,0.028,0.34,0,0
N26,I6,walk,0.028,0.34,0,0
I6,N26,walk,0.028,0.34,0,0
N3,I7,walk,0.456,5.47,0,0
I7,N3,walk,0.456,5.47,0,0
N41,I7,walk,0.456,5.47,0,0
I7,N41,walk,0.456,5.47,0,0
N4,I8,walk,0.49,5.88,0,0
I8,N4,walk,0.49,5.88,0,0
N20,I8,walk,0.49,5.88,0,0
I8,N20,walk,0.49,5.88,0,0
N4,I9,walk,0.324,3.89,0,0
I9,N4,walk,0.324,3.89,0,0
N26,I9,walk,0.324,3.89,0,0
I9,N26,walk,0.324,3.89,0,0
N4,I10,walk,0.472,5.66,0,0
I10,N4,walk,0.472,5.66,0,0
N60,I10,walk,0.472,5.66,0,0
I10,N60,walk,0.472,5.66,0,0
N5,I11,walk,0.138,1.66,0,0
I11,N5,walk,0.138,1.66,0,0
N20,I11,walk,0.138,1.66,0,0
I11,N20,walk,0.138,1.66,0,0
N5,I12,walk,0.484,5.81,0,0
I12,N5,walk,0.484,5.81,0,0
N60,I12,walk,0.484,5.81,0,0
I12,N60,walk,0.484,5.81,0,0
N6,I13,walk,0.127,1.52,0,0
I13,N6,walk,0.127,1.52,0,0
N20,I13,walk,0.127,1.52,0,0
I13,N20,walk,0.127,1.52,0,0
N6,I14,walk,0.447,5.36,0,0
I14,N6,walk,0.447,5.36,0,0
N47,I14,walk,0.447,5.36,0,0
I14,N47,walk,0.447,5.36,0,0
N7,I15,walk,0.382,4.58,0,0
I15,N7,walk,0.382,4.58,0,0
N20,I15,walk,0.382,4.58,0,0
I15,N20,walk,0.382,4.58,0,0
N7,I16,walk,0.457,5.48,0,0
I16,N7,walk,0.457,5.48,0,0
N47,I16,walk,0.457,5.48,0,0
I16,N47,walk,0.457,5.48,0,0
N10,I17,walk,0.244,2.93,0,0
I17,N10,walk,0.244,2.93,0,0
N23,I17,walk,0.244,2.93,0,0
I17,N23,walk,0.244,2.93,0,0
N19,I18,walk,0.354,4.25,0,0
I18,N19,walk,0.354,4.25,0,0
N30,I18,walk,0.354,4.25,0,0
I18,N30,walk,0.354,4.25,0,0
N19,I19,walk,0.472,5.66,0,0
I19,N19,walk,0.472,5.66,0,0
N90,I19,walk,0.472,5.66,0,0
I19,N90,walk,0.472,5.66,0,0
N21,I20,walk,0.397,4.76,0,0
I20,N21,walk,0.397,4.76,0,0
N25,I20,walk,0.397,4.76,0,0
I20,N25,walk,0.397,4.76,0,0
N22,I21,walk,0.178,2.14,0,0
I21,N22,walk,0.178,2.14,0,0
N47,I21,walk,0.178,2.14,0,0
I21,N47,walk,0.178,2.14,0,0
N23,I22,walk,0.35,4.2,0,0
I22,N23,walk,0.35,4.2,0,0
N39,I22,walk,0.35,4.2,0,0
I22,N39,walk,0.35,4.2,0,0
N24,I23,walk,0.476,5.71,0,0
I23,N24,walk,0.476,5.71,0,0
N29,I23,walk,0.476,5.71,0,0
I23,N29,walk,0.476,5.71,0,0
N24,I24,walk,0.446,5.35,0,0
I24,N24,walk,0.446,5.35,0,0
N93,I24,walk,0.446,5.35,0,0
I24,N93,walk,0.446,5.35,0,0
N24,I25,walk,0.348,4.18,0,0
I25,N24,walk,0.348,4.18,0,0
N95,I25,walk,0.348,4.18,0,0
I25,N95,walk,0.348,4.18,0,0
N25,I26,walk,0.244,2.93,0,0
I26,N25,walk,0.244,2.93,0,0
N68,I26,walk,0.244,2.93,0,0
I26,N68,walk,0.244,2.93,0,0
N25,I27,walk,0.49,5.88,0,0
I27,N25,walk,0.49,5.88,0,0
N74,I27,walk,0.49,5.88,0,0
I27,N74,walk,0.49,5.88,0,0
N26,I28,walk,0.455,5.46,0,0
I28,N26,walk,0.455,5.46,0,0
N41,I28,walk,0.455,5.46,0,0
I28,N41,walk,0.455,5.46,0,0
N27,I29,walk,0.472,5.66,0,0
I29,N27,walk,0.472,5.66,0,0
N40,I29,walk,0.472,5.66,0,0
I29,N40,walk,0.472,5.66,0,0
N27,I30,walk,0.357,4.28,0,0
I30,N27,walk,0.357,4.28,0,0
N48,I30,walk,0.357,4.28,0,0
I30,N48,walk,0.357,4.28,0,0
N28,I31,walk,0.111,1.33,0,0
I31,N28,walk,0.111,1.33,0,0
N65,I31,walk,0.111,1.33,0,0
I31,N65,walk,0.111,1.33,0,0
N29,I32,walk,0.167,2.0,0,0
I32,N29,walk,0.167,2.0,0,0
N93,I32,walk,0.167,2.0,0,0
I32,N93,walk,0.167,2.0,0,0
N33,I33,walk,0.499,5.99,0,0
I33,N33,walk,0.499,5.99,0,0
N77,I33,walk,0.499,5.99,0,0
I33,N77,walk,0.499,5.99,0,0
N34,I34,walk,0.498,5.98,0,0
I34,N34,walk,0.498,5.98,0,0
N98,I34,walk,0.498,5.98,0,0
I34,N98,walk,0.498,5.98,0,0
N37,I35,walk,0.389,4.67,0,0
I35,N37,walk,0.389,4.67,0,0
N44,I35,walk,0.389,4.67,0,0
I35,N44,walk,0.389,4.67,0,0
N38,I36,walk,0.472,5.66,0,0
I36,N38,walk,0.472,5.66,0,0
N44,I36,walk,0.472,5.66,0,0
I36,N44,walk,0.472,5.66,0,0
N38,I37,walk,0.378,4.54,0,0
I37,N38,walk,0.378,4.54,0,0
N96,I37,walk,0.378,4.54,0,0
I37,N96,walk,0.378,4.54,0,0
N40,I38,walk,0.312,3.74,0,0
I38,N40,walk,0.312,3.74,0,0
N45,I38,walk,0.312,3.74,0,0
I38,N45,walk,0.312,3.74,0,0
N40,I39,walk,0.399,4.79,0,0
I39,N40,walk,0.399,4.79,0,0
N48,I39,walk,0.399,4.79,0,0
I39,N48,walk,0.399,4.79,0,0
N41,I40,walk,0.354,4.25,0,0
I40,N41,walk,0.354,4.25,0,0
N59,I40,walk,0.354,4.25,0,0
I40,N59,walk,0.354,4.25,0,0
N42,I41,walk,0.499,5.99,0,0
I41,N42,walk,0.499,5.99,0,0
N81,I41,walk,0.499,5.99,0,0
I41,N81,walk,0.499,5.99,0,0
N45,I42,walk,0.448,5.38,0,0
I42,N45,walk,0.448,5.38,0,0
N48,I42,walk,0.448,5.38,0,0
I42,N48,walk,0.448,5.38,0,0
N47,I43,walk,0.178,2.14,0,0
I43,N47,walk,0.178,2.14,0,0
N105,I43,walk,0.178,2.14,0,0
I43,N105,walk,0.178,2.14,0,0
N50,I44,walk,0.244,2.93,0,0
I44,N50,walk,0.244,2.93,0,0
N55,I44,walk,0.244,2.93,0,0
I44,N55,walk,0.244,2.93,0,0
N62,I45,walk,0.411,4.93,0,0
I45,N62,walk,0.411,4.93,0,0
N96,I45,walk,0.411,4.93,0,0
I45,N96,walk,0.411,4.93,0,0
N63,I46,walk,0.394,4.73,0,0
I46,N63,walk,0.394,4.73,0,0
N91,I46,walk,0.394,4.73,0,0
I46,N91,walk,0.394,4.73,0,0
N63,I47,walk,0.448,5.38,0,0
I47,N63,walk,0.448,5.38,0,0
N108,I47,walk,0.448,5.38,0,0
I47,N108,walk,0.448,5.38,0,0
N68,I48,walk,0.354,4.25,0,0
I48,N68,walk,0.354,4.25,0,0
N74,I48,walk,0.354,4.25,0,0
I48,N74,walk,0.354,4.25,0,0
N69,I49,walk,0.498,5.98,0,0
I49,N69,walk,0.498,5.98,0,0
N88,I49,walk,0.498,5.98,0,0
I49,N88,walk,0.498,5.98,0,0
N85,I50,walk,0.428,5.14,0,0
I50,N85,walk,0.428,5.14,0,0
N95,I50,walk,0.428,5.14,0,0
I50,N95,walk,0.428,5.14,0,0
N106,I51,walk,0.446,5.35,0,0
I51,N106,walk,0.446,5.35,0,0
N108,I51,walk,0.446,5.35,0,0
I51,N108,walk,0.446,5.35,0,0
